<?xml version="1.0" encoding="UTF-8"?>
<!DOCTYPE mapper PUBLIC "-//mybatis.org//DTD Mapper 3.0//EN" "http://mybatis.org/dtd/mybatis-3-mapper.dtd">
<mapper namespace="com.dao.EqtypeMapper">
  <resultMap id="BaseResultMap" type="com.model.Eqtype">
    <id column="eqtypeid" jdbcType="INTEGER" property="eqtypeid" />
    <result column="eqtypename" jdbcType="VARCHAR" property="eqtypename" />
  </resultMap>
  
  <sql id="Base_Column_List">
    eqtypeid, eqtypename
  </sql>
  
  <select id="selectByPrimaryKey" parameterType="java.lang.Integer" resultMap="BaseResultMap">
    select 
    <include refid="Base_Column_List" />
    from eqtype
    where eqtypeid = #{eqtypeid,jdbcType=INTEGER}
  </select>
  
  <delete id="deleteByPrimaryKey" parameterType="java.lang.Integer">
    delete from eqtype
    where eqtypeid = #{eqtypeid,jdbcType=INTEGER}
  </delete>

  <insert id="insertSelective" parameterType="com.model.Eqtype">
    insert into eqtype
    <trim prefix="(" suffix=")" suffixOverrides=",">
      <if test="eqtypeid != null">
        eqtypeid,
      </if>
      <if test="eqtypename != null">
        eqtypename,
      </if>
    </trim>
    <trim prefix="values (" suffix=")" suffixOverrides=",">
      <if test="eqtypeid != null">
        #{eqtypeid,jdbcType=INTEGER},
      </if>
      <if test="eqtypename != null">
        #{eqtypename,jdbcType=VARCHAR},
      </if>
    </trim>
  </insert>
  
  <update id="updateByPrimaryKeySelective" parameterType="com.model.Eqtype">
    update eqtype
    <set>
      <if test="eqtypename != null">
        eqtypename = #{eqtypename,jdbcType=VARCHAR},
      </if>
    </set>
    where eqtypeid = #{eqtypeid,jdbcType=INTEGER}
  </update>
  
  <select id="findEqtypeAll" resultMap="BaseResultMap">
    select 
    <include refid="Base_Column_List" />
    from eqtype
  </select>
</mapper>