<?xml version="1.0" encoding="UTF-8"?>
<!DOCTYPE mapper PUBLIC "-//mybatis.org//DTD Mapper 3.0//EN" "http://mybatis.org/dtd/mybatis-3-mapper.dtd">
<mapper namespace="com.dao.EquipmentMapper">
  <resultMap id="BaseResultMap" type="com.model.Equipment">
    <id column="equipmentid" jdbcType="INTEGER" property="equipmentid" />
    <result column="imgurl" jdbcType="VARCHAR" property="imgurl" />
    <result column="code" jdbcType="VARCHAR" property="code" />
    <result column="eqtypeid" jdbcType="INTEGER" property="eqtypeid" />
    <result column="electric" jdbcType="VARCHAR" property="electric" />
    <result column="spec" jdbcType="VARCHAR" property="spec" />
    <result column="brand" jdbcType="VARCHAR" property="brand" />
    <result column="markettime" jdbcType="VARCHAR" property="markettime" />
    <result column="status" jdbcType="VARCHAR" property="status" />
    
    <association property="type" column="eqtypeid" select="com.dao.EqtypeMapper.selectByPrimaryKey"></association>
  </resultMap>
  
  <sql id="Base_Column_List">
    equipmentid, imgurl, code, eqtypeid, electric, spec, brand, markettime, status
  </sql>
  
  <select id="selectByPrimaryKey" parameterType="java.lang.Integer" resultMap="BaseResultMap">
    select 
    <include refid="Base_Column_List" />
    from equipment
    where equipmentid = #{equipmentid,jdbcType=INTEGER}
  </select>
  
  <delete id="deleteByPrimaryKey" parameterType="java.lang.Integer">
    delete from equipment
    where equipmentid = #{equipmentid,jdbcType=INTEGER}
  </delete>
  
  <insert id="insertSelective" parameterType="com.model.Equipment">
    insert into equipment
    <trim prefix="(" suffix=")" suffixOverrides=",">
      <if test="equipmentid != null">
        equipmentid,
      </if>
      <if test="imgurl != null">
        imgurl,
      </if>
      <if test="code != null">
        code,
      </if>
      <if test="eqtypeid != null">
        eqtypeid,
      </if>
      <if test="electric != null">
        electric,
      </if>
      <if test="spec != null">
        spec,
      </if>
      <if test="brand != null">
        brand,
      </if>
      <if test="markettime != null">
        markettime,
      </if>
      <if test="status != null">
        status,
      </if>
    </trim>
    <trim prefix="values (" suffix=")" suffixOverrides=",">
      <if test="equipmentid != null">
        #{equipmentid,jdbcType=INTEGER},
      </if>
      <if test="imgurl != null">
        #{imgurl,jdbcType=VARCHAR},
      </if>
      <if test="code != null">
        #{code,jdbcType=VARCHAR},
      </if>
      <if test="eqtypeid != null">
        #{eqtypeid,jdbcType=INTEGER},
      </if>
      <if test="electric != null">
        #{electric,jdbcType=VARCHAR},
      </if>
      <if test="spec != null">
        #{spec,jdbcType=VARCHAR},
      </if>
      <if test="brand != null">
        #{brand,jdbcType=VARCHAR},
      </if>
      <if test="markettime != null">
        #{markettime,jdbcType=VARCHAR},
      </if>
      <if test="status != null">
        #{status,jdbcType=VARCHAR},
      </if>
    </trim>
  </insert>
  
  <update id="updateByPrimaryKeySelective" parameterType="com.model.Equipment">
    update equipment
    <set>
      <if test="imgurl != null">
        imgurl = #{imgurl,jdbcType=VARCHAR},
      </if>
      <if test="code != null">
        code = #{code,jdbcType=VARCHAR},
      </if>
      <if test="eqtypeid != null">
        eqtypeid = #{eqtypeid,jdbcType=INTEGER},
      </if>
      <if test="electric != null">
        electric = #{electric,jdbcType=VARCHAR},
      </if>
      <if test="spec != null">
        spec = #{spec,jdbcType=VARCHAR},
      </if>
      <if test="brand != null">
        brand = #{brand,jdbcType=VARCHAR},
      </if>
      <if test="markettime != null">
        markettime = #{markettime,jdbcType=VARCHAR},
      </if>
      <if test="status != null">
        status = #{status,jdbcType=VARCHAR},
      </if>
    </set>
    where equipmentid = #{equipmentid,jdbcType=INTEGER}
  </update>
  
  <select id="findEquipmentAll" resultMap="BaseResultMap">
    select 
    <include refid="Base_Column_List" />
    from equipment
  </select>
</mapper>