<?xml version="1.0" encoding="UTF-8"?>
<!DOCTYPE mapper PUBLIC "-//mybatis.org//DTD Mapper 3.0//EN" "http://mybatis.org/dtd/mybatis-3-mapper.dtd">
<mapper namespace="com.dao.RepairMapper">
  <resultMap id="BaseResultMap" type="com.model.Repair">
    <id column="repairid" jdbcType="INTEGER" property="repairid" />
    <result column="userid1" jdbcType="INTEGER" property="userid1" />
    <result column="addtime" jdbcType="VARCHAR" property="addtime" />
    <result column="content" jdbcType="VARCHAR" property="content" />
    <result column="userid2" jdbcType="INTEGER" property="userid2" />
    <result column="reply" jdbcType="VARCHAR" property="reply" />
    <result column="replytime" jdbcType="VARCHAR" property="replytime" />
    <result column="equipmentid" jdbcType="INTEGER" property="equipmentid" />
    
    <association property="user1" column="userid1" select="com.dao.UserMapper.selectByPrimaryKey"></association>
    <association property="user2" column="userid2" select="com.dao.UserMapper.selectByPrimaryKey"></association>
    <association property="equipment" column="userid1" select="com.dao.EquipmentMapper.selectByPrimaryKey"></association>
  </resultMap>
  
  <sql id="Base_Column_List">
    repairid, userid1, addtime, content, userid2, reply, replytime, equipmentid
  </sql>
  
  <select id="selectByPrimaryKey" parameterType="java.lang.Integer" resultMap="BaseResultMap">
    select 
    <include refid="Base_Column_List" />
    from repair
    where repairid = #{repairid,jdbcType=INTEGER}
  </select>
  
  <delete id="deleteByPrimaryKey" parameterType="java.lang.Integer">
    delete from repair
    where repairid = #{repairid,jdbcType=INTEGER}
  </delete>
  
  <insert id="insertSelective" parameterType="com.model.Repair">
    insert into repair
    <trim prefix="(" suffix=")" suffixOverrides=",">
      <if test="repairid != null">
        repairid,
      </if>
      <if test="userid1 != null">
        userid1,
      </if>
      <if test="addtime != null">
        addtime,
      </if>
      <if test="content != null">
        content,
      </if>
      <if test="userid2 != null">
        userid2,
      </if>
      <if test="reply != null">
        reply,
      </if>
      <if test="replytime != null">
        replytime,
      </if>
      <if test="equipmentid != null">
        equipmentid,
      </if>
    </trim>
    <trim prefix="values (" suffix=")" suffixOverrides=",">
      <if test="repairid != null">
        #{repairid,jdbcType=INTEGER},
      </if>
      <if test="userid1 != null">
        #{userid1,jdbcType=INTEGER},
      </if>
      <if test="addtime != null">
        #{addtime,jdbcType=VARCHAR},
      </if>
      <if test="content != null">
        #{content,jdbcType=VARCHAR},
      </if>
      <if test="userid2 != null">
        #{userid2,jdbcType=INTEGER},
      </if>
      <if test="reply != null">
        #{reply,jdbcType=VARCHAR},
      </if>
      <if test="replytime != null">
        #{replytime,jdbcType=VARCHAR},
      </if>
      <if test="equipmentid != null">
        #{equipmentid,jdbcType=INTEGER},
      </if>
    </trim>
  </insert>
  
  <update id="updateByPrimaryKeySelective" parameterType="com.model.Repair">
    update repair
    <set>
      <if test="userid1 != null">
        userid1 = #{userid1,jdbcType=INTEGER},
      </if>
      <if test="addtime != null">
        addtime = #{addtime,jdbcType=VARCHAR},
      </if>
      <if test="content != null">
        content = #{content,jdbcType=VARCHAR},
      </if>
      <if test="userid2 != null">
        userid2 = #{userid2,jdbcType=INTEGER},
      </if>
      <if test="reply != null">
        reply = #{reply,jdbcType=VARCHAR},
      </if>
      <if test="replytime != null">
        replytime = #{replytime,jdbcType=VARCHAR},
      </if>
      <if test="equipmentid != null">
       equipmentid = #{equipmentid,jdbcType=INTEGER},
      </if>
    </set>
    where repairid = #{repairid,jdbcType=INTEGER}
  </update>
  
  <select id="findRepairAll" resultMap="BaseResultMap">
    select 
    <include refid="Base_Column_List" />
    from repair
    <if test="userid1 != null">
    	where userid1 = #{userid1,jdbcType=INTEGER}
    </if>
  </select>
</mapper>