<?xml version="1.0" encoding="UTF-8"?>
<!DOCTYPE mapper PUBLIC "-//mybatis.org//DTD Mapper 3.0//EN" "http://mybatis.org/dtd/mybatis-3-mapper.dtd">
<mapper namespace="com.dao.TaskMapper">
  <resultMap id="BaseResultMap" type="com.model.Task">
    <id column="taskid" jdbcType="INTEGER" property="taskid" />
    <result column="equipmentid" jdbcType="INTEGER" property="equipmentid" />
    <result column="userid1" jdbcType="INTEGER" property="userid1" />
    <result column="taskname" jdbcType="VARCHAR" property="taskname" />
    <result column="content" jdbcType="VARCHAR" property="content" />
    <result column="addtime" jdbcType="VARCHAR" property="addtime" />
    <result column="status" jdbcType="CHAR" property="status" />
    
    <association property="user1" column="userid1" select="com.dao.UserMapper.selectByPrimaryKey"></association>
    <association property="equipment" column="userid1" select="com.dao.EquipmentMapper.selectByPrimaryKey"></association>
  </resultMap>
  
  <sql id="Base_Column_List">
    taskid, equipmentid, userid1, taskname, content, addtime, status
  </sql>
  
  <select id="selectByPrimaryKey" parameterType="java.lang.Integer" resultMap="BaseResultMap">
    select 
    <include refid="Base_Column_List" />
    from task
    where taskid = #{taskid,jdbcType=INTEGER}
  </select>
  
  <delete id="deleteByPrimaryKey" parameterType="java.lang.Integer">
    delete from task
    where taskid = #{taskid,jdbcType=INTEGER}
  </delete>
  
  <insert id="insertSelective" parameterType="com.model.Task">
    insert into task
    <trim prefix="(" suffix=")" suffixOverrides=",">
      <if test="taskid != null">
        taskid,
      </if>
      <if test="equipmentid != null">
        equipmentid,
      </if>
      <if test="userid1 != null">
        userid1,
      </if>
      <if test="taskname != null">
        taskname,
      </if>
      <if test="content != null">
        content,
      </if>
      <if test="addtime != null">
        addtime,
      </if>
      <if test="status != null">
        status,
      </if>
    </trim>
    <trim prefix="values (" suffix=")" suffixOverrides=",">
      <if test="taskid != null">
        #{taskid,jdbcType=INTEGER},
      </if>
      <if test="equipmentid != null">
        #{equipmentid,jdbcType=INTEGER},
      </if>
      <if test="userid1 != null">
        #{userid1,jdbcType=INTEGER},
      </if>
      <if test="taskname != null">
        #{taskname,jdbcType=VARCHAR},
      </if>
      <if test="content != null">
        #{content,jdbcType=VARCHAR},
      </if>
      <if test="addtime != null">
        #{addtime,jdbcType=VARCHAR},
      </if>
      <if test="status != null">
        #{status,jdbcType=CHAR},
      </if>
    </trim>
  </insert>
  
  <update id="updateByPrimaryKeySelective" parameterType="com.model.Task">
    update task
    <set>
      <if test="equipmentid != null">
        equipmentid = #{equipmentid,jdbcType=INTEGER},
      </if>
      <if test="userid1 != null">
        userid1 = #{userid1,jdbcType=INTEGER},
      </if>
      <if test="taskname != null">
        taskname = #{taskname,jdbcType=VARCHAR},
      </if>
      <if test="content != null">
        content = #{content,jdbcType=VARCHAR},
      </if>
      <if test="addtime != null">
        addtime = #{addtime,jdbcType=VARCHAR},
      </if>
      <if test="status != null">
        status = #{status,jdbcType=CHAR},
      </if>
    </set>
    where taskid = #{taskid,jdbcType=INTEGER}
  </update>
  
  <select id="findTaskAll" resultMap="BaseResultMap">
    select 
    <include refid="Base_Column_List" />
    from task
    <if test="userid1 != null">
       where userid1 = #{userid1,jdbcType=INTEGER}
    </if>
  </select>
</mapper>