<?xml version="1.0" encoding="UTF-8"?>
<!DOCTYPE mapper PUBLIC "-//mybatis.org//DTD Mapper 3.0//EN" "http://mybatis.org/dtd/mybatis-3-mapper.dtd">
<mapper namespace="com.dao.UserMapper">
  <resultMap id="BaseResultMap" type="com.model.User">
    <id column="userid" jdbcType="INTEGER" property="userid" />
    <result column="username" jdbcType="VARCHAR" property="username" />
    <result column="pwd" jdbcType="VARCHAR" property="pwd" />
    <result column="role" jdbcType="CHAR" property="role" />
    <result column="name" jdbcType="VARCHAR" property="name" />
    <result column="sex" jdbcType="VARCHAR" property="sex" />
    <result column="phone" jdbcType="VARCHAR" property="phone" />
    <result column="email" jdbcType="VARCHAR" property="email" />
    <result column="addtime" jdbcType="VARCHAR" property="addtime" />
  </resultMap>
  
  <sql id="Base_Column_List">
    userid, username, pwd, role, name, sex, phone, email, addtime
  </sql>
  
  <select id="selectByPrimaryKey" parameterType="java.lang.Integer" resultMap="BaseResultMap">
    select 
    <include refid="Base_Column_List" />
    from user
    where userid = #{userid,jdbcType=INTEGER}
  </select>
  
  <delete id="deleteByPrimaryKey" parameterType="java.lang.Integer">
    delete from user
    where userid = #{userid,jdbcType=INTEGER}
  </delete>

  <insert id="insertSelective" parameterType="com.model.User">
    insert into user
    <trim prefix="(" suffix=")" suffixOverrides=",">
      <if test="userid != null">
        userid,
      </if>
      <if test="username != null">
        username,
      </if>
      <if test="pwd != null">
        pwd,
      </if>
      <if test="role != null">
        role,
      </if>
      <if test="name != null">
        name,
      </if>
      <if test="sex != null">
        sex,
      </if>
      <if test="phone != null">
        phone,
      </if>
      <if test="email != null">
        email,
      </if>
      <if test="addtime != null">
        addtime,
      </if>
    </trim>
    <trim prefix="values (" suffix=")" suffixOverrides=",">
      <if test="userid != null">
        #{userid,jdbcType=INTEGER},
      </if>
      <if test="username != null">
        #{username,jdbcType=VARCHAR},
      </if>
      <if test="pwd != null">
        #{pwd,jdbcType=VARCHAR},
      </if>
      <if test="role != null">
        #{role,jdbcType=CHAR},
      </if>
      <if test="name != null">
        #{name,jdbcType=VARCHAR},
      </if>
      <if test="sex != null">
        #{sex,jdbcType=VARCHAR},
      </if>
      <if test="phone != null">
        #{phone,jdbcType=VARCHAR},
      </if>
      <if test="email != null">
        #{email,jdbcType=VARCHAR},
      </if>
      <if test="addtime != null">
        #{addtime,jdbcType=VARCHAR},
      </if>
    </trim>
  </insert>
  
  <update id="updateByPrimaryKeySelective" parameterType="com.model.User">
    update user
    <set>
      <if test="username != null">
        username = #{username,jdbcType=VARCHAR},
      </if>
      <if test="pwd != null">
        pwd = #{pwd,jdbcType=VARCHAR},
      </if>
      <if test="role != null">
        role = #{role,jdbcType=CHAR},
      </if>
      <if test="name != null">
        name = #{name,jdbcType=VARCHAR},
      </if>
      <if test="sex != null">
        sex = #{sex,jdbcType=VARCHAR},
      </if>
      <if test="phone != null">
        phone = #{phone,jdbcType=VARCHAR},
      </if>
      <if test="email != null">
        email = #{email,jdbcType=VARCHAR},
      </if>
      <if test="addtime != null">
        addtime = #{addtime,jdbcType=VARCHAR},
      </if>
    </set>
    where userid = #{userid,jdbcType=INTEGER}
  </update>
  
  <select id="findUserByUsernameAndPwdAndRole" resultMap="BaseResultMap">
    select 
    <include refid="Base_Column_List" />
    from `user`
    where username = #{uname,jdbcType=VARCHAR} 
    and pwd = #{pwd,jdbcType=VARCHAR}
    and role = #{role,jdbcType=VARCHAR}
  </select>
  
  <select id="findUserAll" resultMap="BaseResultMap">
    select * from `user`
    <if test='role != null'>
    	where role = #{role,jdbcType=VARCHAR}
    </if>
  </select>
</mapper>